{
    "rcsSearchResponse": {
        "sd": {
            "f": "RCS Feed [((date == 3Y=27/5/2019..27/5/2021) and not ((reporttype == Model)) and (subject == Company Update) and not ((periodical == Quick Comment)) and (primaryric == C.N))]",
            "uf": "date==3Y=27/5/2019..27/5/2021;reporttype!=Model;(subject==Company Update);periodical!=Quick Comment;(primaryric==C.N)",
            "t": "10",
            "h": "10",
            "ps": "150",
            "p": "1",
            "to": "143",
            "idol": [
                {
                    "hr": "/?Action=query&OutputEncoding=UTF8&FieldText=%28%28RANGE%7B27%2F5%2F2019%2C27%2F5%2F2021%7D%3ADATE_PUBLICATION_DATE%2BAND%2BNOT%28MATCH%7BModel%7D%3AMATCH_PRODUCTCATEGORY%29%2BAND%2BMATCH%7BCompany+Update%7D%3APARA_SUBJECT%2BAND%2BNOT%28MATCH%7BQuick+Comment%7D%3AMATCH_PERIODICAL%29%2BAND%2BMATCH%7BC.N%7D%3AMATCH_PRIMARY_RIC%29%29+AND+BIAS%7B1622146647%2C31536000%2C25%7D%3ADREDATE&CaseSensitive=true&MatchLanguage=english%2Cjapanese&LanguageType=EnglishUTF8&Start=1&Sort=Date&MaxResults=150&HighLight=terms&StartTag=%3Cspan+class%3D%22highlight%22%3E&EndTag=%3C%2Fspan%3E&SpellCheck=false&TotalResults=true&PrintFields=MATCH_LANGUAGE%2CSOURCE%2CDREORIGINALNAME%2CMIMETYPE%2CMATCH_APPLICATION%2CDRETITLE%2CPRODUCTVERSION%2CDREREFERENCE%2CINDEX_SYNOPSIS%2CHTMLSYNOPSIS%2CDATE_PUBLICATION_DATE%2CDOC_VERSION%2CIMPORTMAGICEXTENSION%2CPARA_ANALYST_ORDERED%2CPARA_ANALYST_ID_EMAIL%2CPARA_PRIMARY_ANALYST%2CHTTP-REF%2CPARA_RESEARCHTYPE%2CPARA_PRODUCT_CODE%2CPARA_GICSSECTOR%2CPARA_GICS_L3_INDUSTRY%2CPARA_COUNTRY%2CPARA_PRIMARY_COMPANY%2CMATCH_RESEARCHTYPE%2CPARA_PRODUCTCATEGORY%2CPARA_PRODUCTCATEGORY2%2CPARA_ASSETCLASS_L2_L3%2CPARA_ASSETCLASS_L3%2CPARA_ASSETCLASS_L2%2CPARA_ASSETCLASS%2CPARA_PRIMARY_MSINDUSTRY%2CPARA_REGION%2CPARA_PERIODICAL%2CPARA_SUBJECT%2CPARA_DISCIPLINE%2CMATCH_PRIMARY_RIC%2CPAGECOUNT%2CFILESIZE%2CMATCH_THEME_CODE%2CMATCH_ENTITLEMENTGROUP%2CPRIMARYSYNOPSIS%2CHEROIMAGE%2CPRIMARYVIDEO%2CVIDEO%2CPRIMARYAUDIO%2CAUDIO%2CPARA_THEME_CODE%2CMATCH_FIPAGENAME%2CMATCH_PRIMARY_REGION%2CNRIXMLCREATIONDATE%2CSTOCKRATINGCHANGEINFO%2CINDUSTRYVIEWCHANGEINFO%2CPRICETARGETCHANGEINFO%2CPARA_COMMODITY%2CPARA_CURRENCY%2CPARA_PRODUCTSUBTYPE%2CPARA_PRODUCTSUBTYPECODE%2CPARA_RISKREWARDCHANGETYPE%2CPARA_PRIMARY_COUNTRY%2CPARA_NONPRIMARY_COUNTRY%2CPARA_COVERAGEACTIONRIC%2CPARA_TARGETPRICEACTIONRIC%2CPARA_RATINGACTIONRIC%2CPARA_INDUSTRYVIEWCHANGE%2CPARA_RATINGUPGRADE%2CPARA_RATINGDOWNGRADE%2CPARA_PRICETARGETINCREASE%2CPARA_PRICETARGETDECREASE&DatabaseMatch=msresearch&Text=*&Combine=simple&ExpandQuery=true",
                    "ty": "IDOL_QUERY"
                },
                {
                    "hr": "/?Action=query&OutputEncoding=UTF8&FieldText=((RANGE{27/5/2019,27/5/2021}:DATE_PUBLICATION_DATE+AND+NOT(MATCH{Model}:MATCH_PRODUCTCATEGORY)+AND+MATCH{Company Update}:PARA_SUBJECT+AND+NOT(MATCH{Quick Comment}:MATCH_PERIODICAL)+AND+MATCH{C.N}:MATCH_PRIMARY_RIC)) AND BIAS{1622146647,31536000,25}:DREDATE&CaseSensitive=true&MatchLanguage=english,japanese&LanguageType=EnglishUTF8&Start=1&Sort=Date&MaxResults=150&HighLight=terms&StartTag=<span class=\"highlight\">&EndTag=</span>&SpellCheck=false&TotalResults=true&PrintFields=MATCH_LANGUAGE,SOURCE,DREORIGINALNAME,MIMETYPE,MATCH_APPLICATION,DRETITLE,PRODUCTVERSION,DREREFERENCE,INDEX_SYNOPSIS,HTMLSYNOPSIS,DATE_PUBLICATION_DATE,DOC_VERSION,IMPORTMAGICEXTENSION,PARA_ANALYST_ORDERED,PARA_ANALYST_ID_EMAIL,PARA_PRIMARY_ANALYST,HTTP-REF,PARA_RESEARCHTYPE,PARA_PRODUCT_CODE,PARA_GICSSECTOR,PARA_GICS_L3_INDUSTRY,PARA_COUNTRY,PARA_PRIMARY_COMPANY,MATCH_RESEARCHTYPE,PARA_PRODUCTCATEGORY,PARA_PRODUCTCATEGORY2,PARA_ASSETCLASS_L2_L3,PARA_ASSETCLASS_L3,PARA_ASSETCLASS_L2,PARA_ASSETCLASS,PARA_PRIMARY_MSINDUSTRY,PARA_REGION,PARA_PERIODICAL,PARA_SUBJECT,PARA_DISCIPLINE,MATCH_PRIMARY_RIC,PAGECOUNT,FILESIZE,MATCH_THEME_CODE,MATCH_ENTITLEMENTGROUP,PRIMARYSYNOPSIS,HEROIMAGE,PRIMARYVIDEO,VIDEO,PRIMARYAUDIO,AUDIO,PARA_THEME_CODE,MATCH_FIPAGENAME,MATCH_PRIMARY_REGION,NRIXMLCREATIONDATE,STOCKRATINGCHANGEINFO,INDUSTRYVIEWCHANGEINFO,PRICETARGETCHANGEINFO,PARA_COMMODITY,PARA_CURRENCY,PARA_PRODUCTSUBTYPE,PARA_PRODUCTSUBTYPECODE,PARA_RISKREWARDCHANGETYPE,PARA_PRIMARY_COUNTRY,PARA_NONPRIMARY_COUNTRY,PARA_COVERAGEACTIONRIC,PARA_TARGETPRICEACTIONRIC,PARA_RATINGACTIONRIC,PARA_INDUSTRYVIEWCHANGE,PARA_RATINGUPGRADE,PARA_RATINGDOWNGRADE,PARA_PRICETARGETINCREASE,PARA_PRICETARGETDECREASE&DatabaseMatch=msresearch&Text=*&Combine=simple&ExpandQuery=true",
                    "ty": "IDOL_QUERY_RAW"
                }
            ]
        },
        "docs": [
            {
                "pd": "2021-04-13T04:05:18.000Z",
                "ab": "We estimate Treasury & Trade Solutions (TTS) delivers a 36% ROTCE, well above latest disclosure of 27.5% in 2015. Raising price target from $81 to $89 as we bake in half of that to our valuation; need to see latest numbers quarterly from management to get the full $17 benefit to stock price.",
                "id": "bb685b3e-9637-11eb-b306-288eeab59c22",
                "hl": "Citigroup Inc.: Getting Paid for Treasury & Trade",
                "a": {
                    "id": "1d9fa777-ca24-4cc4-828e-ee467e0d63e1",
                    "n": " Betsy L. Graseck CFA"
                },
                "co": [
                    {
                        "id": "1d9fa777-ca24-4cc4-828e-ee467e0d63e1",
                        "n": " Betsy L. Graseck CFA"
                    },
                    {
                        "id": "fd6e9194-9aa9-4621-aa6b-ee467e0d63e1",
                        "n": " Manan Gosalia"
                    },
                    {
                        "id": "65ef0bfd-4960-479f-98c3-8fa71ba43bb6",
                        "n": " Ryan Kenny"
                    }
                ],
                "dt": "application/pdf",
                "pt": "C.N",
                "pv": "4",
                "pn": "Idea",
                "pc": "20",
                "hi": {},
                "lang": "eng",
                "cinfo": {
                    "srcinfo": [
                        {
                            "ticker": "C.N",
                            "srp": null,
                            "src": "Overweight"
                        }
                    ],
                    "ptcinfo": [
                        {
                            "ticker": "C.N",
                            "ptp": "81.00",
                            "ptc": "89.00",
                            "cy": "USD"
                        }
                    ],
                    "ivcinfo": [
                        {
                            "id": "1500004436",
                            "industry": "Banking"
                        },
                        {
                            "id": "1500004468",
                            "industry": "Large Cap Banks & Consumer Finance",
                            "ivc": "Attractive"
                        }
                    ]
                },
                "pst": "Note",
                "pstc": "Note",
                "pcat1": "Report"
            },
            {
                "pd": "2020-12-18T00:53:36.000Z",
                "ab": "Risk Reward for Citigroup Inc. (C.N) has been updated",
                "id": "fcacf83e-40c9-11eb-9137-9a4b8a23b2c4",
                "hl": "Citigroup Inc.: Risk Reward Update",
                "a": {
                    "id": "1d9fa777-ca24-4cc4-828e-ee467e0d63e1",
                    "n": " Betsy L. Graseck CFA"
                },
                "co": [
                    {
                        "id": "1d9fa777-ca24-4cc4-828e-ee467e0d63e1",
                        "n": " Betsy L. Graseck CFA"
                    }
                ],
                "dt": "application/pdf",
                "pt": "C.N",
                "pv": "4",
                "pn": "Update",
                "pc": "8",
                "hi": {},
                "lang": "eng",
                "cinfo": {
                    "srcinfo": [
                        {
                            "ticker": "C.N",
                            "srp": null,
                            "src": "Overweight"
                        }
                    ],
                    "ptcinfo": [
                        {
                            "ticker": "C.N",
                            "ptc": "79.00",
                            "cy": "USD"
                        }
                    ],
                    "ivcinfo": [
                        {
                            "id": "1500004436",
                            "industry": "Banking"
                        },
                        {
                            "id": "1500004468",
                            "industry": "Large Cap Banks & Consumer Finance",
                            "ivc": "Attractive"
                        }
                    ]
                },
                "pst": "StandaloneRiskReward",
                "pstc": "StandaloneRiskReward",
                "pcat1": "PublisherDefined",
                "pcat2": "RiskReward"
            },
            {
                "pd": "2020-10-08T02:36:46.000Z",
                "ab": "Consent orders in-line with expectations: Today, the Fed and OCC issued consent orders requiring Citi to take action to improve its risk management, data governance, and internal controls. While the consent order is in place, Citi needs additional approvals to make any significant acquisitions, with the potential of more regulatory action if Citi does not make sufficient progress in complying w...",
                "id": "e5ef8be2-090c-11eb-8334-3374a54a582a",
                "hl": "Citigroup Inc.: Fed / OCC Consent Orders More Than in the Price",
                "a": {
                    "id": "1d9fa777-ca24-4cc4-828e-ee467e0d63e1",
                    "n": " Betsy L. Graseck CFA"
                },
                "co": [
                    {
                        "id": "1d9fa777-ca24-4cc4-828e-ee467e0d63e1",
                        "n": " Betsy L. Graseck CFA"
                    },
                    {
                        "id": "fd6e9194-9aa9-4621-aa6b-ee467e0d63e1",
                        "n": " Manan Gosalia"
                    }
                ],
                "dt": "application/pdf",
                "pt": "C.N",
                "pv": "4",
                "pn": "Update",
                "pc": "8",
                "hi": {},
                "lang": "eng",
                "cinfo": {
                    "srcinfo": [
                        {
                            "ticker": "C.N",
                            "srp": null,
                            "src": "Overweight"
                        }
                    ],
                    "ptcinfo": [
                        {
                            "ticker": "C.N",
                            "ptc": "58.00",
                            "cy": "USD"
                        }
                    ],
                    "ivcinfo": [
                        {
                            "id": "1500004436",
                            "industry": "Banking"
                        },
                        {
                            "id": "1500004468",
                            "industry": "Large Cap Banks & Consumer Finance",
                            "ivc": "In-Line"
                        }
                    ]
                },
                "pst": "Note",
                "pstc": "Note",
                "pcat1": "Report"
            },
            {
                "pd": "2020-09-15T04:36:17.000Z",
                "ab": "Possible consent order would take investment spend higher over the next 2-3 years, but yesterday's 6% stock decline more than reflects this risk. We expect Citi can find offsets and keep expenses flat at $42B through 2022. Stock should outperform as credit, consumer spend and loan demand pick up.",
                "id": "cc8c3dd2-f6d1-11ea-9d3f-bce443bd6b53",
                "hl": "Citigroup Inc.: Opportunity Knocks",
                "a": {
                    "id": "1d9fa777-ca24-4cc4-828e-ee467e0d63e1",
                    "n": " Betsy L. Graseck CFA"
                },
                "co": [
                    {
                        "id": "1d9fa777-ca24-4cc4-828e-ee467e0d63e1",
                        "n": " Betsy L. Graseck CFA"
                    },
                    {
                        "id": "fd6e9194-9aa9-4621-aa6b-ee467e0d63e1",
                        "n": " Manan Gosalia"
                    }
                ],
                "dt": "application/pdf",
                "pt": "C.N",
                "pv": "4",
                "pn": "Idea",
                "pc": "11",
                "hi": {},
                "lang": "eng",
                "cinfo": {
                    "srcinfo": [
                        {
                            "ticker": "C.N",
                            "srp": null,
                            "src": "Overweight"
                        }
                    ],
                    "ptcinfo": [
                        {
                            "ticker": "C.N",
                            "ptp": "61.00",
                            "ptc": "58.00",
                            "cy": "USD"
                        }
                    ],
                    "ivcinfo": [
                        {
                            "id": "1500004436",
                            "industry": "Banking"
                        },
                        {
                            "id": "1500004468",
                            "industry": "Large Cap Banks & Consumer Finance",
                            "ivc": "In-Line"
                        }
                    ]
                },
                "pst": "Note",
                "pstc": "Note",
                "pcat1": "Report"
            },
            {
                "pd": "2020-09-10T16:11:03.000Z",
                "ab": "Citi announced today that Jane Fraser would succeed Michael Corbat as CEO of Citigroup in Feb 2021. This has been expected. Jane Fraser was promoted to President of Citi and CEO of the Global Consumer Banking division in October 2019, suggesting that she was next in line for the CEO role. We expect Jane to bring a fresh strategic lens to the table. Before October 2019, Fraser was CEO of Citi’s...",
                "id": "7d99de7c-f376-11ea-b089-39731a5fbfc8",
                "hl": "Citigroup Inc.: CEO Succession Brings First Woman Chief for a US Money Center Bank",
                "a": {
                    "id": "1d9fa777-ca24-4cc4-828e-ee467e0d63e1",
                    "n": " Betsy L. Graseck CFA"
                },
                "co": [
                    {
                        "id": "1d9fa777-ca24-4cc4-828e-ee467e0d63e1",
                        "n": " Betsy L. Graseck CFA"
                    },
                    {
                        "id": "fd6e9194-9aa9-4621-aa6b-ee467e0d63e1",
                        "n": " Manan Gosalia"
                    }
                ],
                "dt": "application/pdf",
                "pt": "C.N",
                "pv": "4",
                "pn": "Update",
                "pc": "7",
                "hi": {},
                "lang": "eng",
                "cinfo": {
                    "srcinfo": [
                        {
                            "ticker": "C.N",
                            "srp": null,
                            "src": "Overweight"
                        }
                    ],
                    "ptcinfo": [
                        {
                            "ticker": "C.N",
                            "ptc": "61.00",
                            "cy": "USD"
                        }
                    ],
                    "ivcinfo": [
                        {
                            "id": "1500004436",
                            "industry": "Banking"
                        },
                        {
                            "id": "1500004468",
                            "industry": "Large Cap Banks & Consumer Finance",
                            "ivc": "In-Line"
                        }
                    ]
                },
                "pst": "Pulse",
                "pstc": "Pulse",
                "pcat1": "Comment"
            },
            {
                "pd": "2020-05-27T03:00:54.000Z",
                "ab": "Risk Reward for Citigroup Inc. (C.N) has been updated",
                "id": "d9859804-9fc3-11ea-849f-3018d86a1ee5",
                "hl": "Citigroup Inc.: Risk Reward Update",
                "a": {
                    "id": "1d9fa777-ca24-4cc4-828e-ee467e0d63e1",
                    "n": " Betsy L. Graseck CFA"
                },
                "co": [
                    {
                        "id": "1d9fa777-ca24-4cc4-828e-ee467e0d63e1",
                        "n": " Betsy L. Graseck CFA"
                    }
                ],
                "dt": "application/pdf",
                "pt": "C.N",
                "pv": "4",
                "pn": "Update",
                "pc": "8",
                "hi": {},
                "lang": "eng",
                "cinfo": {},
                "pst": "StandaloneRiskReward",
                "pstc": "StandaloneRiskReward",
                "pcat1": "PublisherDefined",
                "pcat2": "RiskReward"
            },
            {
                "pd": "2020-04-06T05:00:37.000Z",
                "ab": "Risk Reward for Citigroup Inc. (C.N) has been updated",
                "id": "ac054446-7788-11ea-a1a3-f1cd71f725a7",
                "hl": "Citigroup Inc.: Risk Reward Update",
                "a": {
                    "id": "1d9fa777-ca24-4cc4-828e-ee467e0d63e1",
                    "n": " Betsy L. Graseck CFA"
                },
                "co": [
                    {
                        "id": "1d9fa777-ca24-4cc4-828e-ee467e0d63e1",
                        "n": " Betsy L. Graseck CFA"
                    }
                ],
                "dt": "application/pdf",
                "pt": "C.N",
                "pv": "4",
                "pn": "Update",
                "pc": "8",
                "hi": {},
                "lang": "eng",
                "cinfo": {},
                "pst": "StandaloneRiskReward",
                "pstc": "StandaloneRiskReward",
                "pcat1": "PublisherDefined",
                "pcat2": "RiskReward"
            },
            {
                "pd": "2020-01-05T20:59:29.000Z",
                "ab": "Risk Reward for Citigroup Inc. (C.N) has been updated",
                "id": "0e0d4c34-2e7c-11ea-b961-b335a83630db",
                "hl": "Citigroup Inc.: Risk Reward Update",
                "a": {
                    "id": "1d9fa777-ca24-4cc4-828e-ee467e0d63e1",
                    "n": " Betsy L. Graseck CFA"
                },
                "co": [
                    {
                        "id": "1d9fa777-ca24-4cc4-828e-ee467e0d63e1",
                        "n": " Betsy L. Graseck CFA"
                    }
                ],
                "dt": "application/pdf",
                "pt": "C.N",
                "pv": "4",
                "pn": "Update",
                "pc": "8",
                "hi": {},
                "lang": "eng",
                "cinfo": {},
                "pst": "StandaloneRiskReward",
                "pstc": "StandaloneRiskReward",
                "pcat1": "PublisherDefined",
                "pcat2": "RiskReward"
            },
            {
                "pd": "2019-12-31T00:02:33.000Z",
                "ab": "Risk Reward for Citigroup Inc. (C.N) has been updated",
                "id": "429deb64-2b5e-11ea-b961-b335a83630db",
                "hl": "Citigroup Inc.: Risk Reward Update",
                "a": {
                    "id": "1d9fa777-ca24-4cc4-828e-ee467e0d63e1",
                    "n": " Betsy L. Graseck CFA"
                },
                "co": [
                    {
                        "id": "1d9fa777-ca24-4cc4-828e-ee467e0d63e1",
                        "n": " Betsy L. Graseck CFA"
                    }
                ],
                "dt": "application/pdf",
                "pt": "C.N",
                "pv": "4",
                "pn": "Update",
                "pc": "8",
                "hi": {},
                "lang": "eng",
                "cinfo": {},
                "pst": "StandaloneRiskReward",
                "pstc": "StandaloneRiskReward",
                "pcat1": "PublisherDefined",
                "pcat2": "RiskReward"
            },
            {
                "pd": "2019-07-15T13:51:06.000Z",
                "ab": "2Q19 EPS beat 6c on lower expenses: Citi operating EPS (excluding Tradeweb investment gain and discontinued operations) came in at $1.82 vs. our estimate of $1.76 and consensus of $1.79. 7c lower expenses drove the beat, with Citi's expense ratio coming in at 57.0% (vs. MSe 57.7%), flat q/q and down 100bps y/y. Key question for the call is whether Citi can sustain this through the rest of the...",
                "id": "8b4550f8-a4a6-11e9-869f-9b5853a450d0",
                "hl": "Citigroup Inc.: 2Q19 First Pass: Beat on Expenses",
                "a": {
                    "id": "1d9fa777-ca24-4cc4-828e-ee467e0d63e1",
                    "n": " Betsy L. Graseck CFA"
                },
                "co": [
                    {
                        "id": "1d9fa777-ca24-4cc4-828e-ee467e0d63e1",
                        "n": " Betsy L. Graseck CFA"
                    },
                    {
                        "id": "fd6e9194-9aa9-4621-aa6b-ee467e0d63e1",
                        "n": " Manan Gosalia"
                    }
                ],
                "dt": "application/pdf",
                "pt": "C.N",
                "pv": "4",
                "pn": "Update",
                "pc": "18",
                "hi": {},
                "lang": "eng",
                "cinfo": {}
            }
        ]
    }
}